module	result	expected	observed	tol	pass
TCGA	mechanistic N	138	138	0	TRUE
TCGA	axis rho	-0.0150602	-0.0150636451908816	0.005	TRUE
TCGA	axis P	0.86083	0.860798253267037	0.02	TRUE
TCGA	clinical Stage15 N	135	135	0	TRUE
TCGA	adjusted N	132	132	0	TRUE
TCGA	adjusted OS deaths	49	49	0	TRUE
TCGA	adjusted PFI events	52	52	0	TRUE
TCGA	OS FAM HR	1.532947	1.53294665038132	0.02	TRUE
TCGA	OS FAM P	0.0055922	0.00559224811782861	0.002	TRUE
TCGA	OS copy HR	1.024857	1.02485698972057	0.02	TRUE
TCGA	PFI FAM HR	1.037874	1.03787404513096	0.02	TRUE
TCGA	PFI copy HR	0.945999	0.945998670767015	0.02	TRUE
TCGA	FAM>=0.66 HR	2.180245	2.18024514023393	0.05	TRUE
TCGA RNA	RNA evaluable N	63	63	0	TRUE
TCGA RNA	copy/ploidy vs RNA rho	0.533501	0.533501350480792	0.003	TRUE
TCGA RNA	copy/ploidy vs RNA P	6.73e-06	6.72598842776289e-06	3e-06	TRUE
MSK	N	1538	1538	0	TRUE
MSK	deaths	702	702	0	TRUE
MSK	allelic proxy HR	1.129713	1.12971258806035	0.005	TRUE
MSK	allelic proxy P	0.0012534536	0.00125345362135326	3e-04	TRUE
MSK	copy proxy HR	1.095271	1.09527147362475	0.005	TRUE
MSK	copy proxy P	4.7494234e-06	4.74942338021056e-06	1e-05	TRUE
MSK	axis rho	-0.044616	-0.0446157849182568	0.01	TRUE
MSK	exclude >1 N	1503	1503	0	TRUE
MSK	exclude >1 deaths	684	684	0	TRUE
MSK	exclude >1 HR	1.126753	1.12675329868661	0.005	TRUE
MSK	primary N	1022	1022	0	TRUE
MSK	primary deaths	376	376	0	TRUE
MSK	primary HR	1.105681	1.10568058765188	0.005	TRUE
MSK	metastases N	516	516	0	TRUE
MSK	metastases deaths	326	326	0	TRUE
MSK	metastases HR	1.170319	1.17031856184187	0.005	TRUE
